destination_canonical_std,country,region
간사이,일본,동북아
도쿄나리타,일본,동북아
도쿄하네다,일본,동북아
후쿠오카,일본,동북아
삿보로,일본,동북아
나고야,일본,동북아
오끼나와,일본,동북아
구마모도,일본,동북아
카고시마,일본,동북아
다가마스,일본,동북아
홍콩,홍콩,동북아
마카오,마카오,동북아
푸동,중국,동북아
청도,중국,동북아
북경,중국,동북아
광저우,중국,동북아
센젠,중국,동북아
대련,중국,동북아
심양,중국,동북아
연길,중국,동북아
연대,중국,동북아
천진,중국,동북아
난징,중국,동북아
항조우,중국,동북아
다싱,중국,동북아
시안,중국,동북아
지난,중국,동북아
장춘,중국,동북아
하얼빈,중국,동북아
웨이하이,중국,동북아
텐푸,중국,동북아
샤먼,중국,동북아
우시샤우팡,중국,동북아
푸조우,중국,동북아
정저우,중국,동북아
총킹,중국,동북아
창사,중국,동북아
쿤밍,중국,동북아
장가계,중국,동북아
홍차오,중국,동북아
타이페이,대만,동북아
쑹산,대만,동북아
카오슝,대만,동북아
따이쭝,대만,동북아
울란바토르,몽골,동북아
다낭,베트남,동남아
나트랑캄란,베트남,동남아
호치민,베트남,동남아
하노이,베트남,동남아
푸쿡,베트남,동남아
방콕,태국,동남아
치앙마이,태국,동남아
푸켓,태국,동남아
마닐라,필리핀,동남아
세부,필리핀,동남아
타크빌라란,필리핀,동남아
클라크필드,필리핀,동남아
싱가폴,싱가포르,동남아
쿠알라룸푸르,말레이시아,동남아
코타키나발루,말레이시아,동남아
덴파사,인도네시아,동남아
자카르타,인도네시아,동남아
프롬펜,캄보디아,동남아
비엔티안,라오스,동남아
로스앤젤레스,미국,미주
샌프란시스코,미국,미주
뉴욕JFK,미국,미주
아틀란타,미국,미주
시애틀,미국,미주
호놀룰루,미국,미주
달라스,미국,미주
뱅쿠버,캐나다,미주
토론토,캐나다,미주
파리샤를드골,프랑스,유럽
프랑크푸르트,독일,유럽
런던히드로,영국,유럽
로마파우미치노,이탈리아,유럽
암스텔담,네덜란드,유럽
바르셀로나,스페인,유럽
프라하,체코,유럽
이스탄불,튀르키예,유럽
두바이,아랍에미리트,중동
타쉬켄트,우즈베키스탄,중앙아시아
알마아타,카자흐스탄,중앙아시아
델리,인도,남아시아
시드니,호주,대양주
브리스번,호주,대양주
괌,괌,대양주
사이판,북마리아나제도,대양주
